{"cameraMode":{"drawMode":0,"name":"Shaded","section":"Shading Mode"},"sceneLighting":true,"audioPlay":false,"sceneViewState":{"showFog":false,"showMaterialUpdate":false,"showSkybox":false,"showFlares":false,"showImageEffects":false,"showParticleSystems":false},"in2DMode":false,"pivot":{"x":-0.0010000169277191163,"y":0.48761099576950076,"z":0.06950007379055023},"rotation":{"x":-0.0002292055869475007,"y":-0.9966673254966736,"z":0.08151859045028687,"w":-0.002999924821779132},"size":2.5573391914367677,"orthographic":false}