{"cameraMode":{"drawMode":0,"name":"Shaded","section":"Shading Mode"},"sceneLighting":false,"audioPlay":false,"sceneViewState":{"showFog":false,"showMaterialUpdate":false,"showSkybox":false,"showFlares":false,"showImageEffects":false,"showParticleSystems":false},"in2DMode":false,"pivot":{"x":-0.0010000169277191163,"y":0.48761099576950076,"z":0.049883320927619937},"rotation":{"x":-0.001846312079578638,"y":-0.9976224303245544,"z":0.06204204633831978,"w":-0.02994743548333645},"size":3.4752163887023927,"orthographic":false}