{"cameraMode":{"drawMode":0,"name":"Shaded","section":"Shading Mode"},"sceneLighting":false,"audioPlay":false,"sceneViewState":{"showFog":false,"showMaterialUpdate":false,"showSkybox":false,"showFlares":false,"showImageEffects":false,"showParticleSystems":false},"in2DMode":false,"pivot":{"x":-2.086162567138672e-7,"y":0.8905620574951172,"z":0.2264091968536377},"rotation":{"x":-0.006067329086363316,"y":-0.9847341179847717,"z":0.17036475241184236,"w":-0.03518243506550789},"size":5.310801029205322,"orthographic":false}